Workbook

Sheet JUNE
E2: P O BOX 58, GABORONE
E3: CELL: 72715324/71341021
E4: PLOT NO 4786, MOAPARE RD
E5: GABORONE
A6: CUSTOMER | B6: TRUEVISIONS
A7: CREDIT LIMIT | B7: P 50 000
A9: DATE | B9: INVOICE NO. | C9: ORDER NO. | D9: QUANTITY | E9: AMOUNT | F9: PAYMENTS | G9: BALANCE | H9: VEHICLE REGISTRATION NUMBER | I9: KILOMETERS
A10: OPENING BALANCE | G10: =0 -> 0

Sheet JULY
E2: P O BOX 58, GABORONE
E3: CELL: 72715324/71341021
E4: PLOT NO 4786, MOAPARE RD
E5: GABORONE
A6: CUSTOMER | B6: TRUEVISIONS
A7: CREDIT LIMIT | B7: P 50 000
A9: DATE | B9: INVOICE NO. | C9: ORDER NO. | D9: QUANTITY | E9: AMOUNT | F9: PAYMENTS | G9: BALANCE | H9: VEHICLE REGISTRATION NUMBER | I9: KILOMETERS
A10: OPENING BALANCE | G10: =0 -> 0
A11: 26.07.2024 | B11: 1346 | C11: PAYMENT | F11: 40000 | G11: =G10+E11-F11 -> -40000 | H11: TRANSFER
A12: 26.07.2024 | B12: 1342 | D12: =704.22+111.78 -> 816 | E12: 11587.26 | G12: =G11+E12-F12 -> -28412.74 | H12: B 609 BUP | I12: 0
A13: 26.07.2024 | B13: 1347 | D13: =500+500+500+500 -> 2000 | E13: 28400 | G13: =G12+E13-F13 -> -12.74 | H13: B 903 BUP | I13: 0
A14: 28.07.2024 | B14: 1418 | C14: PAYMENT | F14: 28400 | G14: =G13+E14-F14 -> -28412.74 | H14: TRANSFER
A15: 28.07.2024 | B15: 1422 | D15: 2000 | E15: 28400 | G15: =G14+E15-F15 -> -12.74 | H15: B 903 BUP | I15: 0
A16: 29.07.2024 | B16: 1483 | C16: PAYMENT | F16: 28400 | G16: =G15+E16-F16 -> -28412.74 | H16: TRANSFER
A17: 29.07.2024 | B17: 1486 | D17: 2000 | E17: 28400 | G17: =G16+E17-F17 -> -12.74 | H17: B 906 BUP | I17: 0
A18: 31.07.2024 | B18: 1620 | C18: PAYMENT | F18: 42600 | G18: =G17+E18-F18 -> -42612.74 | H18: TRANSFER
A19: 31.07.2024 | B19: 1616 | D19: =500+500 -> 1000 | E19: 14200 | G19: =G18+E19-F19 -> -28412.74 | H19: B 906 BUP | I19: 0
A20: 31.07.2024 | B20: 1617 | D20: =500+500+500+500 -> 2000 | E20: 28400 | G20: =G19+E20-F20 -> -12.74 | H20: B 903 BUP | I20: 0

Sheet AUGUST
E2: P O BOX 58, GABORONE
E3: CELL: 72715324/71341021
E4: PLOT NO 4786, MOAPARE RD
E5: GABORONE
A6: CUSTOMER | B6: TRUEVISIONS
A7: CREDIT LIMIT | B7: P 50 000
A9: DATE | B9: INVOICE NO. | C9: ORDER NO. | D9: QUANTITY | E9: AMOUNT | F9: PAYMENTS | G9: BALANCE | H9: VEHICLE REGISTRATION NUMBER | I9: KILOMETERS
A10: OPENING BALANCE | G10: =0 -> 0
A11: 01.08.2024 | B11: 1676 | C11: PAYMENT | F11: 14200 | G11: =G10+E11-F11 -> -14200 | H11: TRANSFER
A12: 01.08.2024 | B12: 1682 | D12: 1000 | E12: 14200 | G12: =G11+E12-F12 -> 0 | H12: B 9060BUP | I12: 0
A13: 01.08.2024 | B13: 1688 | D13: 2000 | E13: 28400 | G13: =G12+E13-F13 -> 28400 | H13: B 903 BUP | I13: 0
A14: 01.08.2024 | B14: 1695 | C14: PAYMENT | F14: 28400 | G14: =G13+E14-F14 -> 0 | H14: TRANSFER
A15: 10.08.2024 | B15: 2122 | D15: 1000 | E15: 14200 | G15: =G14+E15-F15 -> 14200 | H15: B 9060BUP | I15: 0
A16: 10.08.2024 | B16: 2130 | C16: PAYMENT | F16: 14200 | G16: =G15+E16-F16 -> 0 | H16: TRANSFER
G17: =G16+E17-F17 -> 0 | I17: 0
G18: =G17+E18-F18 -> 0
G19: =G18+E19-F19 -> 0 | I19: 0
G20: =G19+E20-F20 -> 0 | I20: 0

Sheet SEPTEMBER
E2: P O BOX 58, GABORONE
E3: CELL: 72715324/71341021
E4: PLOT NO 4786, MOAPARE RD
E5: GABORONE
A6: CUSTOMER | B6: TRUEVISIONS
A7: CREDIT LIMIT | B7: P 50 000
A9: DATE | B9: INVOICE NO. | C9: ORDER NO. | D9: QUANTITY | E9: AMOUNT | F9: PAYMENTS | G9: BALANCE | H9: VEHICLE REGISTRATION NUMBER | I9: KILOMETERS
A10: OPENING BALANCE | G10: =0 -> 0
A11: 05.09.2024 | B11: 3581 | C11: PAYMENT | F11: 35330 | G11: =G10+E11-F11 -> -35330 | H11: TRANSFER
A12: 05.09.2024 | B12: 3569 | D12: =500+500+500+500+463.01 -> 2463.01 | E12: 34974.74 | G12: =G11+E12-F12 -> -355.26 | H12: B 906 BUP | I12: 0
A13: 06.09.2024 | B13: 3573 | D13: 25 | E13: 355 | G13: =G12+E13-F13 -> -0.26 | H13: B 906 BUP | I13: 0
A14: 09.09.2024 | B14: 3761 | C14: PAYMENT | F14: 36920 | G14: =G13+E14-F14 -> -36920.26 | H14: TRANSFER
A15: 09.09.2024 | B15: 3765 | D15: =500+500+500+500+600 -> 2600 | E15: 36920 | G15: =G14+E15-F15 -> -0.26 | H15: B 906 BUP | I15: 0
A16: 10.09.2024 | B16: 3800 | D16: 1000 | E16: 14200 | G16: =G15+E16-F16 -> 14199.74 | H16: B 906 BUP | I16: 1
A17: 10.09.2024 | B17: 3852 | C17: PAYMENT | F17: 16330 | G17: =G16+E17-F17 -> -2130.26 | H17: TRANSFER
A18: 11.09.2024 | B18: 6230 | D18: 150 | E18: =D18*13.55 -> 2032.5 | G18: =G17+E18-F18 -> -97.76 | H18: B 906 BUP - STATION

Sheet JUNE 2025
E2: P O BOX 58, GABORONE
E3: CELL: 72715324/71341021
E4: PLOT NO 4786, MOAPARE RD
E5: GABORONE
A6: CUSTOMER | B6: TRUEVISIONS
A7: CREDIT LIMIT | B7: P 50 000
A9: DATE | B9: INVOICE NO. | C9: ORDER NO. | D9: QUANTITY | E9: AMOUNT | F9: PAYMENTS | G9: BALANCE | H9: VEHICLE REGISTRATION NUMBER | I9: KILOMETERS
A10: OPENING BALANCE | G10: =SEPTEMBER!G18 -> -97.76
A11: 17.06.2025 | B11: 7366 | C11: PAYMENT | F11: 25317 | G11: =G10+E11-F11 -> -25414.76 | H11: TRANSFER
A12: 17.06.2025 | B12: 7364 | D12: =700+700+540 -> 1940 | E12: 25317 | G12: =G11+E12-F12 -> -97.76 | H12: B 903 BUP | I12: 0
A13: 19.06.2025 | B13: 7465 | C13: PAYMENT | F13: 26100 | G13: =G12+E13-F13 -> -26197.76 | H13: TRANSFER
A14: 19.06.2025 | B14: 7466 | D14: 2000 | E14: 26100 | G14: =G13+E14-F14 -> -97.76 | H14: B 903 BUP | I14: 0
A15: 23.06.2025 | B15: 7615 | D15: =600+700+700 -> 2000 | E15: 26100 | G15: =G14+E15-F15 -> 26002.24 | H15: B 903 BUP | I15: 0
A16: 23.06.2025 | B16: 7608 | C16: PAYMENT | F16: 26100 | G16: =G15+E16-F16 -> -97.76 | H16: TRANSFER
A17: 25.06.2025 | B17: 7756 | D17: =700+700+600 -> 2000 | E17: 26100 | G17: =G16+E17-F17 -> 26002.24 | H17: B 903 BUP | I17: 0
A18: 25.06.2025 | B18: 7765 | C18: PAYMENT | F18: 26100 | G18: =G17+E18-F18 -> -97.76 | H18: TRANSFER
A19: 30.06.2025 | B19: 7962 | D19: =500+600 -> 1100 | E19: 14355 | G19: =G18+E19-F19 -> 14257.24 | H19: B 903 BUP | I19: 0
A20: 30.06.2025 | B20: 7963 | C20: PAYMENT | F20: 14355 | G20: =G19+E20-F20 -> -97.76 | H20: TRANSFER

Sheet JULY 2025
E2: P O BOX 58, GABORONE
E3: CELL: 72715324/71341021
E4: PLOT NO 4786, MOAPARE RD
E5: GABORONE
A6: CUSTOMER | B6: TRUEVISIONS
A7: CREDIT LIMIT | B7: P 50 000
A9: DATE | B9: INVOICE NO. | C9: ORDER NO. | D9: QUANTITY | E9: AMOUNT | F9: PAYMENTS | G9: BALANCE | H9: VEHICLE REGISTRATION NUMBER | I9: KILOMETERS
A10: OPENING BALANCE | G10: ='JUNE 2025'!G20 -> -97.76
A11: 04.07.2025 | B11: 8160 | C11: PAYMENT | F11: 26100 | G11: =G10+E11-F11 -> -26197.76 | H11: TRANSFER
A12: 04.07.2025 | B12: 8161 | D12: 2000 | E12: 26100 | G12: =G11+E12-F12 -> -97.76 | H12: B 906 BUP | I12: 0
A13: 07.07.2025 | B13: 8292 | D13: 1200 | E13: 15660 | G13: =G12+E13-F13 -> 15562.24 | H13: B 906 BUP | I13: 0
A14: 07.07.2025 | B14: 8293 | C14: PAYMENT | F14: 15660 | G14: =G13+E14-F14 -> -97.76 | H14: TRANSFER | I14: 0
A15: 09.07.2025 | B15: 8400 | D15: =700+700+500 -> 1900 | E15: 24795 | G15: =G14+E15-F15 -> 24697.24 | H15: B 906 BUP | I15: 0
A16: 09.07.2025 | B16: 8399 | C16: PAYMENT | F16: 24795 | G16: =G15+E16-F16 -> -97.76 | H16: TRANSFER
A17: 12.07.2025 | B17: 8499 | C17: PAYMENT | F17: 26100 | G17: =G16+E17-F17 -> -26197.76 | H17: TRANSFER
A18: 12.07.2025 | B18: 8501 | D18: =700+700+600 -> 2000 | E18: 26100 | G18: =G17+E18-F18 -> -97.76 | H18: B 906 BUP | I18: 0
A19: 15.07.2025 | B19: 8681 | C19: PAYMENT | F19: 15660 | G19: =G18+E19-F19 -> -15757.76 | H19: TRANSFER
A20: 15.07.2025 | B20: 8687 | D20: =600+600 -> 1200 | E20: 15660 | G20: =G19+E20-F20 -> -97.76 | H20: B 906 BUP | I20: 0
A21: 17.07.2025 | B21: 8819 | C21: PAYMENT | F21: 15660 | G21: =G20+E21-F21 -> -15757.76 | H21: TRANSFER
A22: 17.07.2025 | B22: 8818 | D22: 1200 | E22: 15660 | G22: =G21+E22-F22 -> -97.76 | H22: B 906 BUP | I22: 0
A23: 19.07.2025 | B23: 8977 | C23: PAYMENT | F23: 13050 | G23: =G22+E23-F23 -> -13147.76 | H23: TRANSFER
A24: 19.07.2025 | B24: 8974 | D24: 1000 | E24: 13050 | G24: =G23+E24-F24 -> -97.76 | H24: B 906 BUP | I24: 0
A25: 23.07.2025 | B25: 9119 | D25: 1800 | E25: 23490 | G25: =G24+E25-F25 -> 23392.24 | H25: B 906 BUP | I25: 0
A26: 23.07.2025 | B26: 9136 | C26: PAYMENT | F26: 23490 | G26: =G25+E26-F26 -> -97.76 | H26: TRANSFER

Sheet SEPTEMBER 2025
E2: P O BOX 58, GABORONE
E3: CELL: 72715324/71341021
E4: PLOT NO 4786, MOAPARE RD
E5: GABORONE
A6: CUSTOMER | B6: TRUEVISIONS
A7: CREDIT LIMIT | B7: P 50 000
A9: DATE | B9: INVOICE NO. | C9: ORDER NO. | D9: QUANTITY | E9: AMOUNT | F9: PAYMENTS | G9: BALANCE | H9: VEHICLE REGISTRATION NUMBER | I9: KILOMETERS
A10: OPENING BALANCE | G10: ='JULY 2025'!G26 -> -97.76
A11: 07.09.2025 | B11: 1282 | C11: PAYMENT | F11: 3000 | G11: =G10+E11-F11 -> -3097.76 | H11: SWIPE
A12: 07.09.2025 | B12: 1258 | D12: 114.94 | E12: 1500 | G12: =G11+E12-F12 -> -1597.76 | H12: B 906 BWY | I12: 0
A13: 07.09.2025 | B13: 1259 | D13: 114.94 | E13: 1500 | G13: =G12+E13-F13 -> -97.76 | H13: B 148 BWZ | I13: 0

Sheet JANUARY 2026
E2: P O BOX 58, GABORONE
E3: CELL: 72715324/71341021
E4: PLOT NO 4786, MOAPARE RD
E5: GABORONE
A6: CUSTOMER | B6: TRUEVISIONS
A7: CREDIT LIMIT | B7: P 50 000
A9: DATE | B9: INVOICE NO. | C9: ORDER NO. | D9: QUANTITY | E9: AMOUNT | F9: PAYMENTS | G9: BALANCE | H9: VEHICLE REGISTRATION NUMBER | I9: KILOMETERS
A10: OPENING BALANCE | G10: 0
A11: 20.01.2026 | B11: 7763 | D11: 400 | E11: 5960 | G11: =G10+E11-F11 -> 5960 | H11: B 148 BWZ | I11: 0
A12: 21.01.2026 | B12: 7820 | D12: 400 | E12: 5960 | G12: =G11+E12-F12 -> 11920 | H12: B 906 BUP | I12: 0
A13: 26.01.2026 | B13: 8007 | D13: 400 | E13: 5960 | G13: =G12+E13-F13 -> 17880 | H13: B 148 BWZ | I13: 0
A14: 27.01.2026 | B14: 8078 | D14: 400 | E14: 5960 | G14: =G13+E14-F14 -> 23840 | H14: B 906 BUP | I14: 0

Sheet FEBRUARY 2026
E2: P O BOX 58, GABORONE
E3: CELL: 72715324/71341021
E4: PLOT NO 4786, MOAPARE RD
E5: GABORONE
A6: CUSTOMER | B6: TRUEVISIONS
A7: CREDIT LIMIT | B7: P 50 000
A9: DATE | B9: INVOICE NO. | C9: ORDER NO. | D9: QUANTITY | E9: AMOUNT | F9: PAYMENTS | G9: BALANCE | H9: VEHICLE REGISTRATION NUMBER | I9: KILOMETERS
A10: OPENING BALANCE | G10: ='JANUARY 2026'!G14 -> 23840
A11: 01.02.2026 | B11: 8306 | D11: 400 | E11: 5960 | G11: =G10+E11-F11 -> 29800 | H11: B 906 BWY | I11: 0
A12: 01.02.2026 | B12: 8310 | D12: 400 | E12: 5960 | G12: =G11+E12-F12 -> 35760 | H12: B 148 BWZ | I12: 0
A13: 01.02.2026 | B13: 8394 | C13: PAYMENT | F13: 11920 | G13: =G12+E13-F13 -> 23840 | H13: TRANSFER
A14: 07.02.2026 | B14: 8600 | D14: 400 | E14: 5960 | G14: =G13+E14-F14 -> 29800 | H14: B 148 BWZ | I14: 0
A15: 07.02.2026 | B15: 8609 | D15: 400 | E15: 5960 | G15: =G14+E15-F15 -> 35760 | H15: B 906 BWY | I15: 0
A16: 11.02.2026 | B16: 8743 | C16: PAYMENT | F16: 11920 | G16: =G15+E16-F16 -> 23840 | H16: TRANSFER
A17: 16.02.2026 | B17: 9026 | D17: 400 | E17: 5960 | G17: =G16+E17-F17 -> 29800 | H17: B 148 BWZ | I17: 0
A18: 16.02.2026 | B18: 9390 | C18: PAYMENT | F18: 11920 | G18: =G17+E18-F18 -> 17880 | H18: TRANSFER
A19: 19.02.2026 | B19: 9196 | D19: 400 | E19: 5960 | G19: =G18+E19-F19 -> 23840 | H19: B 906 BWY | I19: 0
A20: 22.02.2026 | B20: 9335 | D20: 400 | E20: 5960 | G20: =G19+E20-F20 -> 29800 | H20: B 148 BWZ
A21: 26.02.2026 | B21: 9575 | D21: 400 | E21: 5960 | G21: =G20+E21-F21 -> 35760 | H21: B 906 BWY | I21: 0
A22: 27.02.2026 | B22: 9618 | C22: PAYMENT | F22: 11920 | G22: =G21+E22-F22 -> 23840 | H22: TRANSFER

Sheet MARCH 2026
A1: P O BOX 58, GABORONE
A2: CELL: 72715324/71341021
A3: PLOT NO 4786, MOAPARE RD
A4: GABORONE
A6: CREDIT LIMIT | B6: P 50 000
A8: DATE | B8: INVOICE NO. | C8: ORDER NO. | D8: QUANTITY | E8: AMOUNT | F8: PAYMENTS | G8: BALANCE | H8: VEHICLE REGISTRATION NUMBER | I8: KILOMETERS
A9: OPENING BALANCE | G9: ='FEBRUARY 2026'!G22 -> 23840
A10: 01.03.2026 | B10: 9664 | D10: 400 | E10: 5960 | G10: =G9+E10-F10 -> 29800 | H10: B 148 BWZ | I10: 0
A11: 04.03.2026 | B11: 9854 | D11: 400 | E11: 5960 | G11: =G10+E11-F11 -> 35760 | H11: B 906 BWY | I11: 0
A12: 08.03.2026 | B12: 24 | D12: 400 | E12: 5960 | G12: =G11+E12-F12 -> 41720 | H12: B 148 BWZ | I12: 0
A13: 10.03.2026 | B13: 121 | C13: PAYMENT | F13: 11920 | G13: =G12+E13-F13 -> 29800 | H13: TRANSFER
A14: 12.03.2026 | B14: 251 | D14: 400 | E14: 5960 | G14: =G13+E14-F14 -> 35760 | H14: B 148 BWZ | I14: 0
A15: 17.03.2026 | B15: 481 | C15: PAYMENT | F15: 11920 | G15: =G14+E15-F15 -> 23840 | H15: TRANSFER
A16: 17.03.2026 | B16: 496 | D16: =500+191.5 -> 691.5 | E16: 10303.35 | G16: =G15+E16-F16 -> 34143.35 | H16: B 906 BWY | I16: 0
A17: 23/03/2026 | C17: PAYMENT | F17: 11920 | G17: =G16+E17-F17 -> 22223.35 | H17: TRANSFER
A18: 23.03.2026 | B18: 790 | D18: 200 | E18: 2980 | G18: =G17+E18-F18 -> 25203.35 | H18: B 906 BWY | I18: 1
A19: 23.03.2026 | B19: 791 | D19: 200 | E19: 2982 | G19: =G18+E19-F19 -> 28185.35 | H19: B 148 BWZ | I19: 0
A20: 23.03.2027 | C20: PAYMENT | F20: 11920 | G20: =G19+E20-F20 -> 16265.35
A21: 26/03/2026 | B21: BALANCE DUE | G21: =G20+E21-F21 -> 16265.35

Sheet APRI 2026
A1: P O BOX 58, GABORONE
A2: CELL: 72715324/71341021
A3: PLOT NO 4786, MOAPARE RD
A4: GABORONE
A6: CREDIT LIMIT | B6: P 50 000
A8: DATE | B8: INVOICE NO. | C8: ORDER NO. | D8: QUANTITY | E8: AMOUNT | F8: PAYMENTS | G8: BALANCE | H8: VEHICLE REGISTRATION NUMBER | I8: KILOMETERS
A9: OPENING BALANCE | G9: 16265.35 | H9: Opening
A10: 08.04.2026 | B10: 9664 | D10: 150 | E10: 3550.5 | G10: =G9+E10-F10 -> 19815.85 | H10: B 148 BWZ | I10: 0
A11: 08.04.2026 | B11: 9854 | D11: 150 | E11: 3550.5 | G11: =G10+E11-F11 -> 23366.35 | H11: B 906 BWY | I11: 0
A12: 08.03.2026 | B12: 24 | G12: =G11+E12-F12 -> 23366.35 | H12: B 148 BWZ | I12: 0
A13: 10.03.2026 | B13: 121 | C13: PAYMENT | G13: =G12+E13-F13 -> 23366.35 | H13: TRANSFER
A14: 12.03.2026 | B14: 251 | G14: =G13+E14-F14 -> 23366.35 | H14: B 148 BWZ | I14: 0
A15: 17.03.2026 | B15: 481 | C15: PAYMENT | G15: =G14+E15-F15 -> 23366.35 | H15: TRANSFER
A16: 17.03.2026 | B16: 496 | G16: =G15+E16-F16 -> 23366.35 | H16: B 906 BWY | I16: 0
A17: 23/03/2026 | C17: PAYMENT | G17: =G16+E17-F17 -> 23366.35 | H17: TRANSFER
A18: 23.03.2026 | B18: 790 | G18: =G17+E18-F18 -> 23366.35 | H18: B 906 BWY | I18: 1
A19: 23.03.2026 | B19: 791 | G19: =G18+E19-F19 -> 23366.35 | H19: B 148 BWZ | I19: 0
A20: 23.03.2027 | C20: PAYMENT | G20: =G19+E20-F20 -> 23366.35 | H20: TOTAL
A21: 26/03/2026 | B21: BALANCE DUE | G21: =G20+E21-F21 -> 23366.35 | H21: Outstanding
A22: 10.04.2026 | C22: PAYMENT | G22: 16265.35 | H22: TRANSFER
A23: 10.04.2026 | B23: BALANCE DUE | G23: =G21-G22 -> 7101 | H23: Outstanding
